{
  "cv_splits": 3,
  "metrics": {
    "mae": 1.5005572173107502,
    "median_ae": 0.42084066997224084,
    "r2": -0.11905582212145016,
    "rmse": 22.97023275693292
  },
  "rows": 57622,
  "yield_units": "t/ha"
}