{
  "abs_error_summary": {
    "max": 4045.927387237549,
    "min": 1.707600765549211e-05,
    "p01": 0.003596891234885742,
    "p05": 0.015634634019502592,
    "p25": 0.09224058760552276,
    "p50": 0.25330546843339574,
    "p75": 0.6499666161124508,
    "p95": 5.671246897379554,
    "p99": 33.71213217097466
  },
  "enabled": true,
  "group_cols": [
    "State",
    "Crop"
  ],
  "metrics": {
    "mae": 1.942735030535463,
    "median_ae": 0.25330546843339574,
    "r2": 0.07392636854931112,
    "rmse": 39.543651082503864
  },
  "note": "Evaluation uses sequences built from the dataset and a random train/test split. If the deep model was trained earlier on overlapping sequences, this is not a strict holdout metric.",
  "sequences": 53806,
  "test_size": 0.2,
  "window": 4,
  "y_pred_summary": {
    "max": 39.719913482666016,
    "min": 0.12023305892944336,
    "p01": 0.20830822467803956,
    "p05": 0.30653784424066544,
    "p25": 0.6222817450761795,
    "p50": 1.077664852142334,
    "p75": 2.268185317516327,
    "p95": 21.463700485229477,
    "p99": 39.10940425872802
  },
  "y_true_summary": {
    "max": 4070.0,
    "min": 0.0,
    "p01": 0.0,
    "p05": 0.19549689440993784,
    "p25": 0.5473822154856638,
    "p50": 1.0,
    "p75": 2.3484334625323,
    "p95": 20.918324823791597,
    "p99": 71.16961113419134
  },
  "yield_units": "t/ha"
}