{
  "abs_error_summary": {
    "max": 4056.0813121795654,
    "min": 2.0345216283468304e-05,
    "p01": 0.0072604314227868606,
    "p05": 0.03592011410184908,
    "p25": 0.18668977230143646,
    "p50": 0.42084066997224084,
    "p75": 0.9099925124876765,
    "p95": 5.215170320919607,
    "p99": 16.85121891263034
  },
  "cv_splits": 3,
  "metrics": {
    "mae": 1.5005572173107502,
    "median_ae": 0.42084066997224084,
    "r2": -0.11905582212145016,
    "rmse": 22.97023275693292
  },
  "rows": 57622,
  "y_pred_summary": {
    "max": 3270.47412109375,
    "min": -31.706005096435547,
    "p01": 0.03981388583779342,
    "p05": 0.35370802879333496,
    "p25": 0.7668116092681885,
    "p50": 1.151265025138855,
    "p75": 2.2211796045303345,
    "p95": 19.814546012878388,
    "p99": 66.0588806152345
  },
  "y_true_summary": {
    "max": 4070.0,
    "min": 0.0,
    "p01": 0.0,
    "p05": 0.18805638307193548,
    "p25": 0.5333333333333333,
    "p50": 1.0,
    "p75": 2.3007957469452087,
    "p95": 20.669250896796505,
    "p99": 71.23463946534943
  },
  "yield_units": "t/ha"
}